[
  {
    "id": 2,
    "title": "dfgbhnjmköç",
    "content": "fghjkölçdfıojsuefnusınfhdsmfhsdbfımsdjmnıhsıdl",
    "image_url": null,
    "files": [],
    "created_at": "2026-02-01T09:13:26.622Z",
    "updated_at": "2026-02-01T09:13:26.622Z",
    "views": 0,
    "likes": 0,
    "comments": [],
    "author": "huseyin",
    "author_id": 3,
    "author_role": "moderator"
  },
  {
    "id": 3,
    "title": "dfghjkl.",
    "content": "asdfghjklş",
    "image_url": null,
    "files": [],
    "created_at": "2026-02-01T11:05:51.098Z",
    "updated_at": "2026-02-01T11:05:51.098Z",
    "views": 0,
    "likes": 0,
    "comments": [],
    "author": "admin",
    "author_id": 1,
    "author_role": "admin"
  },
  {
    "id": 4,
    "title": "nkjnfjnjnfıjndıoasjcsd",
    "content": "ıasjfınjfnwjfnujdbcfnqjfcjk",
    "image_url": null,
    "files": [],
    "created_at": "2026-02-01T11:06:09.863Z",
    "updated_at": "2026-02-01T11:06:09.863Z",
    "views": 0,
    "likes": 0,
    "comments": [],
    "author": "admin",
    "author_id": 1,
    "author_role": "admin"
  },
  {
    "id": 5,
    "title": "defghnjmköç.",
    "content": "sdfgbhnjmöç.",
    "image_url": null,
    "files": [],
    "created_at": "2026-02-01T11:06:26.597Z",
    "updated_at": "2026-02-01T11:06:26.597Z",
    "views": 0,
    "likes": 0,
    "comments": [],
    "author": "admin",
    "author_id": 1,
    "author_role": "admin"
  }
]